"Timestamp","Do you own any smart home device?","What smart home device do you own?","What are the benefits you enjoy from your smart home device(s)?","I have privacy concerns due to smart home devices but I still own them.","I have no privacy concerns due to smart home devices","What privacy concerns have your smart home devices raised on you?","What concerns do you have regarding smart home devices?","I don't purchase smart home devices because I am concerned about privacy.","What privacy concerns do you have regarding smart home devices?","Do you agree that the following actions may be necessary for smart home protection? [Protecting your home Wi-Fi network]","Do you agree that the following actions may be necessary for smart home protection? [Having a strong password on your wireless router]","Do you agree that the following actions may be necessary for smart home protection? [Having a strong password on your smart home device]","Do you agree that the following actions may be necessary for smart home protection? [Changing the passwords the device already came with]","Do you agree that the following actions may be necessary for smart home protection? [Updating the software on the router]","Do you agree that the following actions may be necessary for smart home protection? [Updating the software on the smart home device]","Which of the following are you doing to protect your smart home? [I protect my home Wi-Fi network with a password]","Which of the following are you doing to protect your smart home? [I have a strong password on my wireless router]","Which of the following are you doing to protect your smart home? [I have a strong password on my smart home device]","Which of the following are you doing to protect your smart home? [I have changed password(s) on my smart home device]","Which of the following are you doing to protect your smart home? [I have updated the software on the router]","Which of the following are you doing to protect your smart home? [I have updated software on my smart home device]","What challenges to security and privacy do you see in a smart home?","What do you think we can do about security and privacy of home with smart devices?","What can makers/developers of smart home devices do about security and privacy of smart homes?","What is your gender?","What age group do you belong to?","Race","What is your major (educational background)?","Any final comments?"
"2018/06/27 9:20:49 PM AST","Yes","Smart TV","Convenience;Convenience","4","2","It may be sending my usage data to third parties.","","","","Strongly Agree","Strongly Agree","Strongly Agree","Strongly Agree","Strongly Agree","Strongly Agree","Strongly Agree","Strongly Agree","Strongly Agree","Strongly Agree","Strongly Agree","Strongly Agree","Increased reliance on connection to the Internet also increases the risk of breached security and privacy.","Use only the functions required and completely power off the smart devices when not in use.","Be as open as possible about how the smart devices work and how it may affect the user's security/privacy. Make sure users are aware of all updates/patches and when support will be discontinued. Also allow users to opt out of certain functions, practices, or policies they do not agree with.","Male","24-29","White","Cyber Security","While convenient, smart devices bring a variety of challenges in terms of security and privacy. "
"2018/06/28 8:52:33 AM AST","Yes","none","Convenience;Comfort;Convenience;Safety","2","4","none","","","","Agree","Strongly Agree","Strongly Agree","Strongly Agree","Strongly Agree","Strongly Agree","Strongly Agree","Neutral","Neutral","Neutral","Disagree","Neutral","","","","Female","18-23","White","biology ",""
"2018/06/28 8:54:37 AM AST","No","","","","","","hacking","2","hacking","Strongly Agree","Strongly Agree","Strongly Agree","Strongly Agree","Strongly Agree","Strongly Agree","Strongly Agree","Strongly Agree","Strongly Agree","Strongly Agree","Strongly Agree","Strongly Agree","","","","Female","<18","African American","exercise science",""
"2018/06/28 9:39:02 AM AST","No","","","","","","Safety, hackers","5","What information does a hacker have access to?","Strongly Agree","Strongly Agree","Strongly Agree","Strongly Agree","Strongly Agree","Strongly Agree","Strongly Agree","Agree","Neutral","Neutral","Disagree","Neutral","Anything that is connected to the internet is at risk.","?","Educate the consumer. Let them know the risks and also advise them they need to change the passwords to things.","Female","30-39","Asian","Cyber Security",""
"2018/06/28 10:20:47 AM AST","No","","","","","","They record and send my personal information to companies. ","5","My personal information can be discovered even after discarding the device.","Strongly Disagree","Strongly Disagree","Strongly Disagree","Strongly Disagree","Strongly Disagree","Strongly Disagree","Strongly Disagree","Strongly Disagree","Strongly Disagree","Strongly Disagree","Strongly Disagree","Strongly Disagree","The constant fear of failing to update.","Use them sparingly and only for purposes where your personal information is not needed. ","Make the systems more discreet.","Female","18-23","Hispanic","Business Administration",""
"2018/06/28 12:57:19 PM AST","No","","","","","","Privacy","5","Use of information by third party, unable to control collected data, being unaware","Strongly Disagree","Strongly Disagree","Strongly Disagree","Strongly Disagree","Strongly Disagree","Strongly Disagree","Strongly Agree","Agree","Neutral","Neutral","Agree","Neutral","Use of data by third  party","More consumer awarebess and ability for consumer to delete, opt-out","Be more transparent.  Ensure the consumer is informed.","Female",">=50","Hispanic","Cybersecurity",""
"2018/06/28 1:58:00 PM AST","No","","","","","","Automation and minimum user control is sure to result in errors and exploits.","5","I'm not too worried about government surveillance not because I'm willing to give it up but because there are way too many smart devices out there, there is no way the government can look through that much data. My main concern is of hackers, for example when you order pizza or any other service you have to read out all the information for anyone to use your card, if any microphone is compromised in my house that would be a huge problem.","Strongly Agree","Agree","Agree","Strongly Agree","Strongly Agree","Strongly Agree","Strongly Agree","Strongly Agree","Neutral","Neutral","Agree","Neutral","It depends on the physical capabilities of the devices, if they have a microphone then it's possibly recording any sounds it can pick up. Anything that can monitor the physical conditions of the house is a privacy concern, some smart devices can even physically move around to map out the interior of the house. If a home invader have this kind of information they can assure that no one is in the house, and maybe even where the valuables are kept. When you order things over the phone, reading out your card information can compromise it if someone other then the 2 entities mentioned above has access to a microphone near by.","Personally I will figure out the physical limitations of the device and make sure everything I want to keep private is kept outside of the devices' range. I still do prefer to not have it at all to begin with but if I have a smart device this is what I would do.","Minimize the amount of unnecessary microphones and cameras is a good start, encrypting the data would also be great","Male","18-23","Asian","Cyber Security","Smart home and internet of things technology is still at it's infancy, I personally don't think it will take off as the next big thing. "
"2018/06/28 2:06:22 PM AST","No","","","","","","I don't find it useful to me personally.","4","I'm not comfortable allowing a smart device to have access to recordings in my household.","Strongly Agree","Strongly Agree","Strongly Agree","Strongly Agree","Strongly Agree","Strongly Agree","Strongly Agree","Strongly Agree","Neutral","Strongly Disagree","Strongly Agree","Neutral","The biggest challenge would be making sure nothing you say that gets recorded on the smart home system can somehow become against you.","Using the highest security option possible and keeping your privacy settings on to ensure you're comfortable with the settings you customize instead of the default.","Allow more privacy settings as well as multiple authenticators for sign-ins in smart devices in order to ensure privacy and security in the most convenient way possible.","Male","<18","Asian","Cybersecurity",""
"2018/06/28 8:25:26 PM AST","Yes","Smart TV","Convenience;Convenience","4","4","How secure are the devices","","","","Agree","Agree","Agree","Agree","Agree","Agree","Agree","Agree","Agree","Agree","Agree","Agree","protection from hackers","Turn off wifi usage","More encryption","Male","18-23","White","Cyber Security",""
"2018/06/28 8:26:34 PM AST","No","","","","","","someone could hack into it.","5","What if someone hacks into the smart lock.","Strongly Agree","Strongly Agree","Strongly Agree","Strongly Agree","Strongly Agree","Strongly Agree","Strongly Agree","Strongly Agree","Strongly Agree","Strongly Agree","Strongly Agree","Strongly Agree","connivence ","secure smart home device with a strong passwords.","","Male","18-23","Asian","IT",""
"2018/06/29 1:38:22 AM AST","Yes","Google Home","Convenience;Convenience;None, I no longer use them due to privacy concerns","5","5","I'm concerned the Google Home is eavesdropping on my conversations","","","","Strongly Agree","Strongly Agree","Strongly Agree","Strongly Agree","Strongly Agree","Strongly Agree","Strongly Agree","Strongly Agree","Strongly Agree","Strongly Agree","Strongly Agree","Strongly Agree","It adds more points of vulnerability when trying to secure a network.","Stay up-to-date on newly discovered vulnerabilities of the product, and keep its software up-to-date. Look into its settings to determine what settings can be changed to increase security and privacy.","Use redundant security features to protect against a single point of failure, especially when designing a system which integrates multiple smart home devices. ","Male","18-23","White","CyberSecurity",""
"2018/06/29 8:58:28 AM AST","No","","","","","","Vulnerabilities","5","Hackers","Strongly Agree","Strongly Agree","Strongly Agree","Strongly Agree","Strongly Agree","Strongly Agree","Strongly Agree","Strongly Agree","Neutral","Neutral","Strongly Agree","Neutral","Lack of security","Better software","Put more effort into security","Male","18-23","White","Cyber security","N/A"
"2018/06/29 9:01:44 AM AST","Yes","Smart Tv and Alexa","Convenience;Convenience","4","4","Someone finding a vulnerability in my network and steals credit card info.","","","","Strongly Agree","Strongly Agree","Strongly Agree","Strongly Agree","Strongly Agree","Strongly Agree","Strongly Agree","Strongly Agree","Strongly Agree","Strongly Agree","Strongly Agree","Agree","I think even with protecting your own wifi, i feel like someone will try to connect directly to Alex, then what?","Ask companies to make a hardwired version available. ","Make a hardwired version available. ","Male","24-29","Noneya","Cyber Security","N/A"
"2018/06/29 9:02:02 AM AST","Yes","iphone 8","Convenience;Comfort;Convenience","5","5","people stealing credit card information, my fingerprint, track me and more","","","","Strongly Agree","Strongly Agree","Strongly Agree","Strongly Agree","Strongly Agree","Strongly Agree","Strongly Agree","Strongly Agree","Strongly Agree","Strongly Agree","Strongly Agree","Strongly Agree","","","","Male","18-23","White","Cyber Security",""
"2018/06/29 9:03:10 AM AST","Yes","Nest thermomenter","Convenience;Comfort;Convenience","3","4","someone can hack the device and get into the network","","","","Strongly Agree","Strongly Agree","Strongly Agree","Strongly Agree","Strongly Agree","Strongly Agree","Strongly Agree","Strongly Agree","Strongly Agree","Strongly Agree","Strongly Agree","Strongly Agree","day zero attacks with certain providers","have built in IDS","make built in IDS","Male","18-23","White","Cyber Security Cert","N/A"
"2018/06/29 9:56:33 AM AST","No","","","","","","Your life is being monitored","5","Whatever you do is recorded. your information is being recorded. There is no more privacy though you are living in your own house","Strongly Agree","Strongly Agree","Strongly Agree","Strongly Agree","Strongly Agree","Strongly Agree","Strongly Agree","Strongly Agree","Strongly Agree","Strongly Agree","Strongly Agree","Strongly Agree","There is no privacy, they can record your personal information.","Be careful of whatever you say, you are being monitored","Those devices should not record our personal information or whatever we say.","Male","30-39","African American","Cybersecurity",""
"2018/06/29 10:14:44 AM AST","Yes","light","Convenience;Convenience;Safety","1","1","none","","","","Strongly Agree","Strongly Agree","Strongly Agree","Strongly Agree","Strongly Agree","Strongly Agree","Strongly Agree","Strongly Agree","Strongly Agree","Strongly Agree","Strongly Agree","Strongly Agree","Exploitation by attackers","frequent security updates","increase security and privacy to avoid exploitation by attackers","Female","18-23","African American","cyber security","no"
"2018/06/29 10:23:30 AM AST","No","","","","","","listening with mic","2","listening with mic","Strongly Agree","Strongly Agree","Strongly Agree","Strongly Agree","Strongly Agree","Strongly Agree","Strongly Agree","Strongly Agree","Strongly Agree","Strongly Agree","Strongly Agree","Strongly Agree","not having a guest network and giving your password out to visitors","centralize wan connectivity to one device ","","Male","30-39","White","some college ",""
"2018/06/29 11:11:32 AM AST","No","","","","","","none","3","none","Strongly Agree","Strongly Agree","Strongly Agree","Strongly Agree","Strongly Agree","Strongly Agree","Agree","Agree","Agree","Neutral","Agree","Agree","N/A","nothing","No idea","Male","24-29","White","IT",""